<?xml version="1.0" encoding="UTF-8"?>
<project-private xmlns="http://www.netbeans.org/ns/project-private/1">
    <editor-bookmarks xmlns="http://www.netbeans.org/ns/editor-bookmarks/2" lastBookmarkId="0"/>
    <open-files xmlns="http://www.netbeans.org/ns/projectui-open-files/2">
        <group name="Group 20240521-10:09:09">
            <file>file:/C:/Users/juanc/Documents/NetBeansProjects/Biblioteca/src/Vista/Registrar.java</file>
            <file>file:/C:/Users/juanc/Documents/NetBeansProjects/Biblioteca/src/Vista/Principal.java</file>
            <file>file:/C:/Users/juanc/Documents/NetBeansProjects/Biblioteca/src/Biblioteca/AdminUsuario.java</file>
            <file>file:/C:/Users/juanc/Documents/NetBeansProjects/Biblioteca/src/Vista/Ingresar.java</file>
            <file>file:/C:/Users/juanc/Documents/NetBeansProjects/Biblioteca/src/Vista/Usuario_Principal.java</file>
            <file>file:/C:/Users/juanc/Documents/NetBeansProjects/Biblioteca/src/Biblioteca/Usuario.java</file>
        </group>
    </open-files>
</project-private>
